Datetime,Water Level (m)
2025-12-04 12:00:00,-0.1600134
2025-12-04 13:00:00,-0.3309967
2025-12-04 14:00:00,-0.49324313
2025-12-04 15:00:00,-0.62969303
2025-12-04 16:00:00,-0.4601064
2025-12-04 17:00:00,-0.105414785
2025-12-04 18:00:00,0.24976525
2025-12-04 19:00:00,0.68599683
2025-12-04 20:00:00,1.0827814
2025-12-04 21:00:00,1.082903
2025-12-04 22:00:00,0.8693147
2025-12-04 23:00:00,0.59464234
2025-12-05 00:00:00,0.3271237
2025-12-05 01:00:00,0.09906803
2025-12-05 02:00:00,-0.088243745
2025-12-05 03:00:00,-0.28627986
2025-12-05 04:00:00,-0.47475412
2025-12-05 05:00:00,-0.35806176
2025-12-05 06:00:00,0.015295134
2025-12-05 07:00:00,0.26127625
2025-12-05 08:00:00,0.5393659
2025-12-05 09:00:00,0.66401595
2025-12-05 10:00:00,0.48296535
2025-12-05 11:00:00,0.30083397
2025-12-05 12:00:00,0.10594412
2025-12-05 13:00:00,-0.093323804
2025-12-05 14:00:00,-0.2664799
2025-12-05 15:00:00,-0.43686223
2025-12-05 16:00:00,-0.5786888
2025-12-05 17:00:00,-0.3198232
2025-12-05 18:00:00,0.07951364
2025-12-05 19:00:00,0.45681906
2025-12-05 20:00:00,0.91454226
2025-12-05 21:00:00,1.1948776
2025-12-05 22:00:00,1.0836265
2025-12-05 23:00:00,0.8211712
2025-12-06 00:00:00,0.55724174
2025-12-06 01:00:00,0.30152872
2025-12-06 02:00:00,0.0883694
2025-12-06 03:00:00,-0.094203085
2025-12-06 04:00:00,-0.30530715
2025-12-06 05:00:00,-0.47899732
2025-12-06 06:00:00,-0.32058796
2025-12-06 07:00:00,0.069473326
2025-12-06 08:00:00,0.31740764
2025-12-06 09:00:00,0.5899905
2025-12-06 10:00:00,0.6432096
2025-12-06 11:00:00,0.43170887
2025-12-06 12:00:00,0.25059232
2025-12-06 13:00:00,0.057138376
2025-12-06 14:00:00,-0.1247559
2025-12-06 15:00:00,-0.29736736
2025-12-06 16:00:00,-0.46771175
2025-12-06 17:00:00,-0.5629302
2025-12-06 18:00:00,-0.23162289
2025-12-06 19:00:00,0.13192403
2025-12-06 20:00:00,0.5244796
2025-12-06 21:00:00,0.98647594
2025-12-06 22:00:00,1.168261
2025-12-06 23:00:00,1.013742
2025-12-07 00:00:00,0.7512328
2025-12-07 01:00:00,0.489526
2025-12-07 02:00:00,0.24560837
2025-12-07 03:00:00,0.041031376
2025-12-07 04:00:00,-0.13829283
2025-12-07 05:00:00,-0.34772328
2025-12-07 06:00:00,-0.47728097
2025-12-07 07:00:00,-0.20710756
2025-12-07 08:00:00,0.11214689
2025-12-07 09:00:00,0.36668068
2025-12-07 10:00:00,0.6142646
2025-12-07 11:00:00,0.5926407
2025-12-07 12:00:00,0.38930956
2025-12-07 13:00:00,0.22046511
2025-12-07 14:00:00,0.023453878
2025-12-07 15:00:00,-0.15082282
2025-12-07 16:00:00,-0.32287216
2025-12-07 17:00:00,-0.48678252
2025-12-07 18:00:00,-0.51827204
2025-12-07 19:00:00,-0.13332576
2025-12-07 20:00:00,0.19540848
2025-12-07 21:00:00,0.6014392
2025-12-07 22:00:00,1.0174978
2025-12-07 23:00:00,1.0914872
2025-12-08 00:00:00,0.8978769
2025-12-08 01:00:00,0.64973235
2025-12-08 02:00:00,0.39680898
2025-12-08 03:00:00,0.17216668
2025-12-08 04:00:00,-0.023885844
2025-12-08 05:00:00,-0.20485467
2025-12-08 06:00:00,-0.40255728
2025-12-08 07:00:00,-0.4735192
2025-12-08 08:00:00,-0.15145583
2025-12-08 09:00:00,0.11070189
2025-12-08 10:00:00,0.37089825
2025-12-08 11:00:00,0.6080181
2025-12-08 12:00:00,0.547434
2025-12-08 13:00:00,0.36144978
2025-12-08 14:00:00,0.19824652
2025-12-08 15:00:00,0.0012776344
2025-12-08 16:00:00,-0.16936235
2025-12-08 17:00:00,-0.33449587
2025-12-08 18:00:00,-0.48017997
2025-12-08 19:00:00,-0.39313924
2025-12-08 20:00:00,-0.03363209
2025-12-08 21:00:00,0.24934316
2025-12-08 22:00:00,0.6182231
2025-12-08 23:00:00,0.97780514
2025-12-09 00:00:00,0.97358495
2025-12-09 01:00:00,0.7867553
2025-12-09 02:00:00,0.55322295
2025-12-09 03:00:00,0.31023714
2025-12-09 04:00:00,0.096914396
2025-12-09 05:00:00,-0.083111726
2025-12-09 06:00:00,-0.26820356
2025-12-09 07:00:00,-0.44333366
2025-12-09 08:00:00,-0.42976415
2025-12-09 09:00:00,-0.11597746
2025-12-09 10:00:00,0.11557489
2025-12-09 11:00:00,0.3729069
2025-12-09 12:00:00,0.58507776
2025-12-09 13:00:00,0.5032793
2025-12-09 14:00:00,0.34212276
2025-12-09 15:00:00,0.18201333
2025-12-09 16:00:00,-0.0111069875
2025-12-09 17:00:00,-0.17931165
2025-12-09 18:00:00,-0.33538043
2025-12-09 19:00:00,-0.45721236
2025-12-09 20:00:00,-0.2959841
2025-12-09 21:00:00,-0.005915149
2025-12-09 22:00:00,0.259313
2025-12-09 23:00:00,0.5947139
2025-12-10 00:00:00,0.8597139
2025-12-10 01:00:00,0.8024247
2025-12-10 02:00:00,0.62882066
2025-12-10 03:00:00,0.42208377
2025-12-10 04:00:00,0.19497842
2025-12-10 05:00:00,-0.002864805
2025-12-10 06:00:00,-0.1692783
2025-12-10 07:00:00,-0.35270387
2025-12-10 08:00:00,-0.49997026
2025-12-10 09:00:00,-0.4365283
2025-12-10 10:00:00,-0.14441042
2025-12-10 11:00:00,0.08480963
2025-12-10 12:00:00,0.33219296
